<?xml version="1.0" encoding="UTF-8"?>
<project version="4">
  <component name="AutoImportSettings">
    <option name="autoReloadType" value="SELECTIVE" />
  </component>
  <component name="ChangeListManager">
    <list default="true" id="3d6629ec-a8e6-4721-a073-d8770ce8855f" name="Changes" comment="" />
    <option name="SHOW_DIALOG" value="false" />
    <option name="HIGHLIGHT_CONFLICTS" value="true" />
    <option name="HIGHLIGHT_NON_ACTIVE_CHANGELIST" value="false" />
    <option name="LAST_RESOLUTION" value="IGNORE" />
  </component>
  <component name="MavenImportPreferences">
    <option name="generalSettings">
      <MavenGeneralSettings>
        <option name="mavenHomeTypeForPersistence" value="WRAPPER" />
      </MavenGeneralSettings>
    </option>
  </component>
  <component name="ProjectColorInfo"><![CDATA[{
  "associatedIndex": 8
}]]></component>
  <component name="ProjectId" id="35ZBLbrOrTiQDf87kwY3ku9xMWP" />
  <component name="ProjectViewState">
    <option name="hideEmptyMiddlePackages" value="true" />
    <option name="showLibraryContents" value="true" />
  </component>
  <component name="PropertiesComponent"><![CDATA[{
  "keyToString": {
    "Application.PdvpostocombustivelApplication.executor": "Run",
    "ModuleVcsDetector.initialDetectionPerformed": "true",
    "RunOnceActivity.ShowReadmeOnStart": "true",
    "kotlin-language-version-configured": "true",
    "last_opened_file_path": "C:/Users/VInicius Puggina/Videos/IdeaProjects/pdv-posto-combustivel"
  }
}]]></component>
  <component name="RunManager">
    <configuration default="true" type="JetRunConfigurationType">
      <module name="pdv-posto-combustivel" />
      <method v="2">
        <option name="Make" enabled="true" />
      </method>
    </configuration>
    <configuration default="true" type="KotlinStandaloneScriptRunConfigurationType">
      <module name="pdv-posto-combustivel" />
      <option name="filePath" />
      <method v="2" />
    </configuration>
  </component>
  <component name="SharedIndexes">
    <attachedChunks>
      <set>
        <option value="bundled-jdk-9823dce3aa75-bf35d07a577b-intellij.indexing.shared.core-IU-252.27397.103" />
      </set>
    </attachedChunks>
  </component>
  <component name="TaskManager">
    <task active="true" id="Default" summary="Default task">
      <changelist id="3d6629ec-a8e6-4721-a073-d8770ce8855f" name="Changes" comment="" />
      <created>1763307658547</created>
      <option name="number" value="Default" />
      <option name="presentableId" value="Default" />
      <updated>1763307658547</updated>
    </task>
    <servers />
  </component>
</project>